"","text","favorited","favoriteCount","replyToSN","created","truncated","replyToSID","id","replyToUID","statusSource","screenName","retweetCount","isRetweet","retweeted","longitude","latitude","anger","anticipation","disgust","fear","joy","sadness","surprise","trust","negative","positive"
"1",".@MarshaBlackburn is a wonderful woman who has always been there when we have needed her. Great on the Military, Bo… https://t.co/ljbsW8m8k6",FALSE,8726,NA,2018-04-19 18:40:12,TRUE,NA,"987038167730552832",NA,"<a href=""http://twitter.com/download/iphone"" rel=""nofollow"">Twitter for iPhone</a>","realDonaldTrump",2305,FALSE,FALSE,NA,NA,0,0,0,0,0,0,0,0,0,0
"2","THANK YOU #JIATFSouth, @Norad_Northcom, @southcomwatch and @DHSgov. Keep up the GREAT work! https://t.co/3v2uG6Jp1T",FALSE,5825,NA,2018-04-19 18:33:24,FALSE,NA,"987036458648199168",NA,"<a href=""http://twitter.com/download/iphone"" rel=""nofollow"">Twitter for iPhone</a>","realDonaldTrump",1384,FALSE,FALSE,NA,NA,0,0,0,0,0,0,0,0,0,0
"3","Just arrived @NASKeyWest! Heading to a briefing with the Joint Interagency Task Force South, NORTHCOM and SOUTHCOM. https://t.co/r906IXnBcG",FALSE,20233,NA,2018-04-19 16:23:52,FALSE,NA,"987003860882526208",NA,"<a href=""http://twitter.com/download/iphone"" rel=""nofollow"">Twitter for iPhone</a>","realDonaldTrump",4736,FALSE,FALSE,NA,NA,0,0,0,0,0,0,0,0,0,0
"4","Governor Jerry Brown announced he will deploy “up to 400 National Guard Troops” to do nothing. The crime rate in Ca… https://t.co/I1ag2ckky1",FALSE,40757,NA,2018-04-19 15:48:38,TRUE,NA,"986994992177561600",NA,"<a href=""http://twitter.com/download/iphone"" rel=""nofollow"">Twitter for iPhone</a>","realDonaldTrump",10692,FALSE,FALSE,NA,NA,1,0,0,1,0,0,0,2,1,1
"5","Thank you San Diego County for defending the rule of law and supporting our lawsuit against California's illegal an… https://t.co/4mH0InRGwt",FALSE,48170,NA,2018-04-19 15:23:22,TRUE,NA,"986988633822412800",NA,"<a href=""http://twitter.com/download/iphone"" rel=""nofollow"">Twitter for iPhone</a>","realDonaldTrump",11783,FALSE,FALSE,NA,NA,2,0,2,3,0,2,1,4,2,2
"6","Great meeting with Prime Minister Abe of Japan, who has just left Florida. Talked in depth about North Korea, Milit… https://t.co/Tv1QmZN4IE",FALSE,43059,NA,2018-04-19 14:45:14,TRUE,NA,"986979039670931458",NA,"<a href=""http://twitter.com/download/iphone"" rel=""nofollow"">Twitter for iPhone</a>","realDonaldTrump",9097,FALSE,FALSE,NA,NA,0,0,0,0,0,0,0,1,0,2
"7","It was my great honor to host my friend @JPN_PMO @AbeShinzo and his delegation at Mar-a-Lago for the past two days.… https://t.co/MjT3f7BAv3",FALSE,51460,NA,2018-04-19 02:58:21,TRUE,NA,"986801143014621185",NA,"<a href=""http://twitter.com/download/iphone"" rel=""nofollow"">Twitter for iPhone</a>","realDonaldTrump",12225,FALSE,FALSE,NA,NA,0,0,0,0,1,0,0,2,0,2
"8","Great working luncheon with U.S. and Japanese Delegations this afternoon! https://t.co/ywU2CEih8b",FALSE,55534,NA,2018-04-18 21:32:53,FALSE,NA,"986719240240746497",NA,"<a href=""http://twitter.com/download/iphone"" rel=""nofollow"">Twitter for iPhone</a>","realDonaldTrump",11213,FALSE,FALSE,NA,NA,0,0,0,0,0,0,0,0,0,1
"9","Prime Minister @AbeShinzo of Japan and myself this morning building an even deeper and better relationship while pl… https://t.co/3paSdvrOWu",FALSE,65417,NA,2018-04-18 21:00:12,TRUE,NA,"986711015630036992",NA,"<a href=""http://twitter.com/download/iphone"" rel=""nofollow"">Twitter for iPhone</a>","realDonaldTrump",13724,FALSE,FALSE,NA,NA,0,0,0,0,0,0,0,0,0,1
"10","Best wishes to Prime Minister @Netanyahu and all of the people of Israel on the 70th Anniversary of your Great Inde… https://t.co/xRwM6h8nfl",FALSE,92090,NA,2018-04-18 16:30:39,TRUE,NA,"986643179452747776",NA,"<a href=""http://twitter.com/download/iphone"" rel=""nofollow"">Twitter for iPhone</a>","realDonaldTrump",22138,FALSE,FALSE,NA,NA,0,0,0,0,0,0,0,0,0,1
"11","Slippery James Comey, the worst FBI Director in history, was not fired because of the phony Russia investigation wh… https://t.co/iJO4tejdw6",FALSE,88700,NA,2018-04-18 12:05:42,TRUE,NA,"986576502358671361",NA,"<a href=""http://twitter.com/download/iphone"" rel=""nofollow"">Twitter for iPhone</a>","realDonaldTrump",21285,FALSE,FALSE,NA,NA,1,1,1,0,0,0,0,1,1,1
"12","Mike Pompeo met with Kim Jong Un in North Korea last week. Meeting went very smoothly and a good relationship was f… https://t.co/5zMrs47vF3",FALSE,94328,NA,2018-04-18 10:42:23,TRUE,NA,"986555533535731712",NA,"<a href=""http://twitter.com/download/iphone"" rel=""nofollow"">Twitter for iPhone</a>","realDonaldTrump",24892,FALSE,FALSE,NA,NA,0,1,0,0,1,0,1,1,0,1
"13","A sketch years later about a nonexistent man. A total con job, playing the Fake News Media for Fools (but they know… https://t.co/EcZ0Hs5IJg",FALSE,57142,NA,2018-04-18 10:08:50,TRUE,NA,"986547093610299392",NA,"<a href=""http://twitter.com/download/iphone"" rel=""nofollow"">Twitter for iPhone</a>","realDonaldTrump",17104,FALSE,FALSE,NA,NA,0,0,0,0,0,0,0,0,1,1
"14","There is a Revolution going on in California. Soooo many Sanctuary areas want OUT of this ridiculous, crime infeste… https://t.co/hNQmJXQ0Zz",FALSE,106696,NA,2018-04-18 09:59:07,TRUE,NA,"986544648477868032",NA,"<a href=""http://twitter.com/download/iphone"" rel=""nofollow"">Twitter for iPhone</a>","realDonaldTrump",27483,FALSE,FALSE,NA,NA,3,2,1,1,1,1,1,1,3,2
"15","While Japan and South Korea would like us to go back into TPP, I don’t like the deal for the United States. Too man… https://t.co/IYwJhsGNsF",FALSE,74040,NA,2018-04-18 02:49:28,TRUE,NA,"986436520444866560",NA,"<a href=""http://twitter.com/download/iphone"" rel=""nofollow"">Twitter for iPhone</a>","realDonaldTrump",17613,FALSE,FALSE,NA,NA,0,1,0,0,1,0,1,3,0,3
"16","Pastor Andrew Brunson, a fine gentleman and Christian leader in the United States, is on trial and being persecuted… https://t.co/NCEchahdPc",FALSE,80238,NA,2018-04-18 02:32:04,TRUE,NA,"986432143189512192",NA,"<a href=""http://twitter.com/download/iphone"" rel=""nofollow"">Twitter for iPhone</a>","realDonaldTrump",19990,FALSE,FALSE,NA,NA,0,0,0,0,1,0,0,4,0,4
"17","It is my great honor to host @JPN_PMO @AbeShinzo! https://t.co/QxMpCGRycF",FALSE,39431,NA,2018-04-18 02:26:57,FALSE,NA,"986430856750395392",NA,"<a href=""http://twitter.com/download/iphone"" rel=""nofollow"">Twitter for iPhone</a>","realDonaldTrump",9444,FALSE,FALSE,NA,NA,0,0,0,0,0,0,0,1,0,1
"18",".@FLOTUS Melania and I join the Nation in celebrating the life of Barbara Bush: https://t.co/4OW72iddQx",FALSE,42441,NA,2018-04-18 02:23:58,FALSE,NA,"986430103075868672",NA,"<a href=""http://twitter.com/download/iphone"" rel=""nofollow"">Twitter for iPhone</a>","realDonaldTrump",8544,FALSE,FALSE,NA,NA,0,0,0,0,0,0,0,0,0,0
"19","States and Cities throughout our Country are being cheated and treated so badly by online retailers. Very unfair to… https://t.co/CSLMfhPLLq",FALSE,66180,NA,2018-04-17 22:59:20,TRUE,NA,"986378606606737408",NA,"<a href=""http://twitter.com/download/iphone"" rel=""nofollow"">Twitter for iPhone</a>","realDonaldTrump",13840,FALSE,FALSE,NA,NA,1,0,1,0,0,2,0,0,2,0
"20","....Congress – House and Senate must quickly pass a legislative fix to ensure violent criminal aliens can be remove… https://t.co/lwGag991ch",FALSE,51998,"realDonaldTrump",2018-04-17 21:34:23,TRUE,"986357228306354178","986357230219022342","25073877","<a href=""http://twitter.com/download/iphone"" rel=""nofollow"">Twitter for iPhone</a>","realDonaldTrump",12662,FALSE,FALSE,NA,NA,3,0,3,3,0,1,1,2,3,0
"21","Today’s Court decision means that Congress must close loopholes that block the removal of dangerous criminal aliens… https://t.co/6W1sRzLH1f",FALSE,62831,NA,2018-04-17 21:34:23,TRUE,NA,"986357228306354178",NA,"<a href=""http://twitter.com/download/iphone"" rel=""nofollow"">Twitter for iPhone</a>","realDonaldTrump",15304,FALSE,FALSE,NA,NA,2,1,2,3,0,0,0,1,3,0
"22","Welcome Prime Minister Abe! https://t.co/538EYyfWDq",FALSE,55897,NA,2018-04-17 20:45:36,FALSE,NA,"986344953134673922",NA,"<a href=""http://twitter.com/download/iphone"" rel=""nofollow"">Twitter for iPhone</a>","realDonaldTrump",14268,FALSE,FALSE,NA,NA,0,0,0,0,0,0,0,0,0,1
"23","Rasmussen just came out at 51% Approval despite the Fake News Media. They were one of the three most accurate on El… https://t.co/PccBDzTejl",FALSE,75254,NA,2018-04-17 17:59:39,TRUE,NA,"986303188587425794",NA,"<a href=""http://twitter.com/download/iphone"" rel=""nofollow"">Twitter for iPhone</a>","realDonaldTrump",18106,FALSE,FALSE,NA,NA,0,0,0,0,0,0,0,1,1,2
"24","Getting ready to meet Prime Minister Abe of Japan, a truly fine gentleman!",FALSE,65673,NA,2018-04-17 17:51:52,FALSE,NA,"986301228337508354",NA,"<a href=""http://twitter.com/download/iphone"" rel=""nofollow"">Twitter for iPhone</a>","realDonaldTrump",10319,FALSE,FALSE,NA,NA,0,1,0,0,0,0,0,1,0,2
"25","So many people are seeing the benefits of the Tax Cut Bill. Everyone is talking, really nice to see!",FALSE,83109,NA,2018-04-17 12:24:36,FALSE,NA,"986218871991492608",NA,"<a href=""http://twitter.com/download/iphone"" rel=""nofollow"">Twitter for iPhone</a>","realDonaldTrump",15211,FALSE,FALSE,NA,NA,0,0,0,0,0,1,0,0,1,0
"26","Looks like Jerry Brown and California are not looking for safety and security along their very porous Border. He ca… https://t.co/ngO5hLiIWx",FALSE,62997,NA,2018-04-17 12:24:36,TRUE,NA,"986218870506754048",NA,"<a href=""http://twitter.com/download/iphone"" rel=""nofollow"">Twitter for iPhone</a>","realDonaldTrump",15153,FALSE,FALSE,NA,NA,0,0,0,0,0,0,0,0,0,0
"27","I am in Florida and looking forward to my meeting with Prime Minister Abe of Japan. Working on Trade and Military Security.",FALSE,62116,NA,2018-04-17 12:24:35,FALSE,NA,"986218867780448261",NA,"<a href=""http://twitter.com/download/iphone"" rel=""nofollow"">Twitter for iPhone</a>","realDonaldTrump",11674,FALSE,FALSE,NA,NA,0,0,0,1,0,0,0,1,0,3
"28","Employment is up, Taxes are DOWN. Enjoy!",FALSE,120174,NA,2018-04-17 12:24:34,FALSE,NA,"986218862625648640",NA,"<a href=""http://twitter.com/download/iphone"" rel=""nofollow"">Twitter for iPhone</a>","realDonaldTrump",24256,FALSE,FALSE,NA,NA,0,1,0,0,1,0,0,1,0,1
"29","Russia and China are playing the Currency Devaluation game as the U.S. keeps raising interest rates. Not acceptable!",FALSE,96398,NA,2018-04-16 12:31:02,FALSE,NA,"985858100149309441",NA,"<a href=""http://twitter.com/download/iphone"" rel=""nofollow"">Twitter for iPhone</a>","realDonaldTrump",21418,FALSE,FALSE,NA,NA,0,0,0,0,0,0,0,0,0,2
"30","Comey drafted the Crooked Hillary exoneration long before he talked to her (lied in Congress to Senator G), then ba… https://t.co/X4GPSNm0KK",FALSE,111156,NA,2018-04-16 12:25:19,TRUE,NA,"985856662866202624",NA,"<a href=""http://twitter.com/download/iphone"" rel=""nofollow"">Twitter for iPhone</a>","realDonaldTrump",28743,FALSE,FALSE,NA,NA,0,1,1,0,0,0,0,1,0,0
"31","Just hit 50% in the Rasmussen Poll, much higher than President Obama at same point. With all of the phony stories a… https://t.co/J2tMvPcCtK",FALSE,140518,NA,2018-04-15 14:44:30,TRUE,NA,"985529299905187840",NA,"<a href=""http://twitter.com/download/iphone"" rel=""nofollow"">Twitter for iPhone</a>","realDonaldTrump",29703,FALSE,FALSE,NA,NA,2,0,1,0,0,0,0,2,2,1
"32","Slippery James Comey, a man who always ends up badly and out of whack (he is not smart!), will go down as the WORST… https://t.co/YSTiN7oLWq",FALSE,98375,NA,2018-04-15 13:07:10,TRUE,NA,"985504808646971392",NA,"<a href=""http://twitter.com/download/iphone"" rel=""nofollow"">Twitter for iPhone</a>","realDonaldTrump",22397,FALSE,FALSE,NA,NA,0,0,0,0,0,1,0,0,2,0
"33","Attorney Client privilege is now a thing of the past. I have many (too many!) lawyers and they are probably wonderi… https://t.co/pnYvIGR8Tw",FALSE,102115,NA,2018-04-15 12:56:13,TRUE,NA,"985502053345751040",NA,"<a href=""http://twitter.com/download/iphone"" rel=""nofollow"">Twitter for iPhone</a>","realDonaldTrump",24010,FALSE,FALSE,NA,NA,1,0,0,1,0,0,0,1,0,1
"34","I never asked Comey for Personal Loyalty. I hardly even knew this guy. Just another of his many lies. His “memos” are self serving and FAKE!",FALSE,101385,NA,2018-04-15 12:32:16,FALSE,NA,"985496023555608576",NA,"<a href=""http://twitter.com/download/iphone"" rel=""nofollow"">Twitter for iPhone</a>","realDonaldTrump",22341,FALSE,FALSE,NA,NA,0,0,0,0,0,0,0,2,1,1
"35","The Syrian raid was so perfectly carried out, with such precision, that the only way the Fake News Media could deme… https://t.co/PVFzvasea5",FALSE,114644,NA,2018-04-15 12:19:42,TRUE,NA,"985492862958698497",NA,"<a href=""http://twitter.com/download/iphone"" rel=""nofollow"">Twitter for iPhone</a>","realDonaldTrump",24035,FALSE,FALSE,NA,NA,1,0,0,1,0,0,1,0,2,1
"36","Comey throws AG Lynch “under the bus!” Why can’t we all find out what happened on the tarmac in the back of the pla… https://t.co/54vPnoqxsl",FALSE,101064,NA,2018-04-15 12:08:03,TRUE,NA,"985489930343321600",NA,"<a href=""http://twitter.com/download/iphone"" rel=""nofollow"">Twitter for iPhone</a>","realDonaldTrump",26542,FALSE,FALSE,NA,NA,1,0,1,1,0,1,0,0,1,0
"37","The big questions in Comey’s badly reviewed book aren’t answered like, how come he gave up Classified Information (… https://t.co/rTrDHRqD5S",FALSE,100282,NA,2018-04-15 11:57:14,TRUE,NA,"985487209510948864",NA,"<a href=""http://twitter.com/download/iphone"" rel=""nofollow"">Twitter for iPhone</a>","realDonaldTrump",27651,FALSE,FALSE,NA,NA,0,0,0,0,0,1,0,0,1,1
"38","Unbelievably, James Comey states that Polls, where Crooked Hillary was leading, were a factor in the handling (stup… https://t.co/0WH4arK3ft",FALSE,105867,NA,2018-04-15 11:42:33,TRUE,NA,"985483513704124416",NA,"<a href=""http://twitter.com/download/iphone"" rel=""nofollow"">Twitter for iPhone</a>","realDonaldTrump",27557,FALSE,FALSE,NA,NA,0,0,0,0,0,0,0,1,0,0
"39","So proud of our great Military which will soon be, after the spending of billions of fully approved dollars, the fi… https://t.co/kZ5qqY35s1",FALSE,160049,NA,2018-04-14 12:29:48,TRUE,NA,"985133017256660995",NA,"<a href=""http://twitter.com/download/iphone"" rel=""nofollow"">Twitter for iPhone</a>","realDonaldTrump",30422,FALSE,FALSE,NA,NA,0,1,0,1,1,0,0,2,0,2
"40","A perfectly executed strike last night. Thank you to France and the United Kingdom for their wisdom and the power o… https://t.co/oIPJVo3zQn",FALSE,199454,NA,2018-04-14 12:21:00,TRUE,NA,"985130802668294144",NA,"<a href=""http://twitter.com/download/iphone"" rel=""nofollow"">Twitter for iPhone</a>","realDonaldTrump",43644,FALSE,FALSE,NA,NA,1,0,0,0,0,0,0,2,1,2
"41","https://t.co/6VLQYAlcto",FALSE,103170,NA,2018-04-14 01:31:56,FALSE,NA,"984967457315139586",NA,"<a href=""http://twitter.com/download/iphone"" rel=""nofollow"">Twitter for iPhone</a>","realDonaldTrump",36633,FALSE,FALSE,NA,NA,0,0,0,0,0,0,0,0,0,0
"42","DOJ just issued the McCabe report - which is a total disaster. He LIED! LIED! LIED! McCabe was totally controlled b… https://t.co/gK2Zjw6HyE",FALSE,126442,NA,2018-04-13 19:36:27,TRUE,NA,"984877999718895616",NA,"<a href=""http://twitter.com/download/iphone"" rel=""nofollow"">Twitter for iPhone</a>","realDonaldTrump",36646,FALSE,FALSE,NA,NA,1,0,1,1,0,1,1,0,1,0
"43","We are bringing back our factories, we are bringing back our jobs, and we are bringing back those four beautiful wo… https://t.co/nxiHk4sZZr",FALSE,110510,NA,2018-04-13 16:21:16,TRUE,NA,"984828878060335109",NA,"<a href=""https://studio.twitter.com"" rel=""nofollow"">Media Studio</a>","realDonaldTrump",25339,FALSE,FALSE,NA,NA,0,0,0,0,1,0,0,0,0,1
"44","....untruthful slime ball who was, as time has proven, a terrible Director of the FBI. His handling of the Crooked… https://t.co/GHQzyOWUT5",FALSE,142768,NA,2018-04-13 12:17:37,TRUE,NA,"984767560494313472",NA,"<a href=""http://twitter.com/download/iphone"" rel=""nofollow"">Twitter for iPhone</a>","realDonaldTrump",35308,FALSE,FALSE,NA,NA,1,1,2,1,0,1,0,2,1,1
"45","James Comey is a proven LEAKER &amp; LIAR. Virtually everyone in Washington thought he should be fired for the terrible… https://t.co/qKF0zshrZy",FALSE,126863,NA,2018-04-13 12:01:47,TRUE,NA,"984763579210633216",NA,"<a href=""http://twitter.com/download/iphone"" rel=""nofollow"">Twitter for iPhone</a>","realDonaldTrump",33390,FALSE,FALSE,NA,NA,1,1,2,1,0,1,0,1,2,0
"46","Tremendous pressure is building, like never before, for the Border Wall and an end to crime cradling Sanctuary Citi… https://t.co/WSvff6EI9G",FALSE,108360,NA,2018-04-13 11:44:51,TRUE,NA,"984759315046322177",NA,"<a href=""http://twitter.com/download/iphone"" rel=""nofollow"">Twitter for iPhone</a>","realDonaldTrump",23151,FALSE,FALSE,NA,NA,1,1,0,0,1,0,0,1,2,2
"47","Would only join TPP if the deal were substantially better than the deal offered to Pres. Obama. We already have BIL… https://t.co/OxSaor5rl3",FALSE,78419,NA,2018-04-13 03:15:16,TRUE,NA,"984631073865953280",NA,"<a href=""http://twitter.com/download/iphone"" rel=""nofollow"">Twitter for iPhone</a>","realDonaldTrump",16752,FALSE,FALSE,NA,NA,0,1,0,0,1,0,1,1,0,2
"48","America’s greatest treasure is our people – and my Administration HEARS YOUR VOICE and HAS YOUR BACK. We are fighti… https://t.co/rkCWxcovmg",FALSE,80861,NA,2018-04-12 19:03:57,TRUE,NA,"984507430909308929",NA,"<a href=""http://twitter.com"" rel=""nofollow"">Twitter Web Client</a>","realDonaldTrump",19953,FALSE,FALSE,NA,NA,0,1,0,0,1,0,0,1,0,1
"49","Thank you to all of the American workers who travelled here today! This event is dedicated to YOU: the hardworking… https://t.co/SQmpmS7Rvs",FALSE,65232,NA,2018-04-12 18:32:30,TRUE,NA,"984499517805486082",NA,"<a href=""http://twitter.com"" rel=""nofollow"">Twitter Web Client</a>","realDonaldTrump",14286,FALSE,FALSE,NA,NA,0,0,0,0,0,0,0,0,0,0
"50","I have agreed with the historically cooperative, disciplined approach that we have engaged in with Robert Mueller (… https://t.co/yjSuYhmzJb",FALSE,82707,NA,2018-04-12 16:46:15,TRUE,NA,"984472778035417088",NA,"<a href=""http://twitter.com/download/iphone"" rel=""nofollow"">Twitter for iPhone</a>","realDonaldTrump",16738,FALSE,FALSE,NA,NA,0,1,0,0,1,0,0,3,0,3
"51","On Yom HaShoah we remember the six million Jews slaughtered in the Holocaust. With each passing year, our duty to r… https://t.co/yZ0pleVvDm",FALSE,65599,NA,2018-04-12 16:42:54,TRUE,NA,"984471933050937344",NA,"<a href=""http://twitter.com/download/iphone"" rel=""nofollow"">Twitter for iPhone</a>","realDonaldTrump",16874,FALSE,FALSE,NA,NA,1,0,1,1,0,1,0,0,1,0
"52","Good luck to Mike Pompeo during his Confirmation Hearing today. He will be a great Secretary of State!",FALSE,62322,"realDonaldTrump",2018-04-12 10:37:16,FALSE,"984374422587965440","984379918682394624","25073877","<a href=""http://twitter.com/download/iphone"" rel=""nofollow"">Twitter for iPhone</a>","realDonaldTrump",12420,FALSE,FALSE,NA,NA,0,2,0,1,2,0,2,2,1,2
"53","Never said when an attack on Syria would take place. Could be very soon or not so soon at all! In any event, the Un… https://t.co/drplEtWxNu",FALSE,113764,NA,2018-04-12 10:15:25,TRUE,NA,"984374422587965440",NA,"<a href=""http://twitter.com/download/iphone"" rel=""nofollow"">Twitter for iPhone</a>","realDonaldTrump",25663,FALSE,FALSE,NA,NA,1,0,0,1,0,0,0,0,1,0
"54","California Governor Jerry Brown is doing the right thing and sending the National Guard to the Border. Thank you Je… https://t.co/yGcycH1xav",FALSE,85982,NA,2018-04-12 10:08:49,TRUE,NA,"984372760230154241",NA,"<a href=""http://twitter.com/download/iphone"" rel=""nofollow"">Twitter for iPhone</a>","realDonaldTrump",14820,FALSE,FALSE,NA,NA,0,0,0,1,0,0,0,2,0,1
"55","If I wanted to fire Robert Mueller in December, as reported by the Failing New York Times, I would have fired him.… https://t.co/wi7FDNjqK7",FALSE,87228,NA,2018-04-12 10:03:46,TRUE,NA,"984371491277099010",NA,"<a href=""http://twitter.com/download/iphone"" rel=""nofollow"">Twitter for iPhone</a>","realDonaldTrump",19234,FALSE,FALSE,NA,NA,1,1,0,2,0,1,0,0,1,0
"56","Big show tonight on @seanhannity! 9:00 P.M. on @FoxNews",FALSE,55534,NA,2018-04-12 00:48:39,FALSE,NA,"984231791103012864",NA,"<a href=""http://twitter.com/download/iphone"" rel=""nofollow"">Twitter for iPhone</a>","realDonaldTrump",11153,FALSE,FALSE,NA,NA,0,0,0,0,0,0,0,1,0,0
"57","Honored to have Republican Congressional Leadership join me at the @WhiteHouse this evening. Lots to discuss as we… https://t.co/83tJjXjGKf",FALSE,57792,NA,2018-04-11 22:59:42,TRUE,NA,"984204373105442816",NA,"<a href=""http://twitter.com/download/iphone"" rel=""nofollow"">Twitter for iPhone</a>","realDonaldTrump",11151,FALSE,FALSE,NA,NA,0,0,0,0,0,0,0,0,0,1
"58","“Trump just took a giant step towards actual welfare reform” https://t.co/LQlACDDLug",FALSE,69340,NA,2018-04-11 19:47:07,FALSE,NA,"984155907251687424",NA,"<a href=""http://twitter.com/download/iphone"" rel=""nofollow"">Twitter for iPhone</a>","realDonaldTrump",16370,FALSE,FALSE,NA,NA,0,0,0,1,0,0,1,0,0,2
"59","The @WhiteHouse is partnering with @Interior and @NatlParkService to bring the @NSCsafety's “Prescribed to Death” O… https://t.co/MdAenfaoTX",FALSE,35699,NA,2018-04-11 15:47:46,TRUE,NA,"984095671262367744",NA,"<a href=""http://twitter.com/download/iphone"" rel=""nofollow"">Twitter for iPhone</a>","realDonaldTrump",8587,FALSE,FALSE,NA,NA,0,0,0,0,0,0,0,0,0,0
"60","Speaker Paul Ryan is a truly good man, and while he will not be seeking re-election, he will leave a legacy of achi… https://t.co/ijIKo4oSgl",FALSE,61580,NA,2018-04-11 13:50:23,TRUE,NA,"984066131303583746",NA,"<a href=""http://twitter.com/download/iphone"" rel=""nofollow"">Twitter for iPhone</a>","realDonaldTrump",9911,FALSE,FALSE,NA,NA,0,1,0,0,1,1,2,1,1,1
"61","Much of the bad blood with Russia is caused by the Fake &amp; Corrupt Russia Investigation, headed up by the all Democr… https://t.co/eA1AtTPv49",FALSE,97798,NA,2018-04-11 13:00:23,TRUE,NA,"984053549742067712",NA,"<a href=""http://twitter.com/download/iphone"" rel=""nofollow"">Twitter for iPhone</a>","realDonaldTrump",26758,FALSE,FALSE,NA,NA,1,1,1,1,0,1,0,0,3,0
"62","Our relationship with Russia is worse now than it has ever been, and that includes the Cold War. There is no reason… https://t.co/5k5Xu5QBgg",FALSE,125597,NA,2018-04-11 11:37:56,TRUE,NA,"984032798821568513",NA,"<a href=""http://twitter.com/download/iphone"" rel=""nofollow"">Twitter for iPhone</a>","realDonaldTrump",32590,FALSE,FALSE,NA,NA,0,0,0,2,0,1,0,0,3,1
"63","Russia vows to shoot down any and all missiles fired at Syria. Get ready Russia,  because they will be coming, nice… https://t.co/tFXJAYDnOh",FALSE,173326,NA,2018-04-11 10:57:30,TRUE,NA,"984022625440747520",NA,"<a href=""http://twitter.com/download/iphone"" rel=""nofollow"">Twitter for iPhone</a>","realDonaldTrump",66865,FALSE,FALSE,NA,NA,1,2,0,1,0,0,0,0,1,0
"64","....doing things that nobody thought possible, despite the never ending and corrupt Russia Investigation, which tak… https://t.co/UWNTYIUvlU",FALSE,76037,NA,2018-04-11 10:47:37,TRUE,NA,"984020136255541248",NA,"<a href=""http://twitter.com/download/iphone"" rel=""nofollow"">Twitter for iPhone</a>","realDonaldTrump",17892,FALSE,FALSE,NA,NA,0,2,0,0,0,0,0,0,1,0
"65","So much Fake News about what is going on in the White House. Very calm and calculated with a big focus on open and… https://t.co/I7oFa69R7G",FALSE,69320,NA,2018-04-11 10:38:42,TRUE,NA,"984017894240604161",NA,"<a href=""http://twitter.com/download/iphone"" rel=""nofollow"">Twitter for iPhone</a>","realDonaldTrump",16174,FALSE,FALSE,NA,NA,0,1,0,0,1,0,0,1,1,3
"66","The Failing New York Times wrote another phony story. It was political pundit Doug Schoen, not a Ukrainian business… https://t.co/aUCx9In8GT",FALSE,67152,NA,2018-04-11 10:30:19,TRUE,NA,"984015782521835521",NA,"<a href=""http://twitter.com/download/iphone"" rel=""nofollow"">Twitter for iPhone</a>","realDonaldTrump",17028,FALSE,FALSE,NA,NA,2,1,1,1,0,1,0,0,2,0
"67","Today, it was my great honor to welcome the 2017 NCAA Football National Champion, Alabama Crimson Tide - to the Whi… https://t.co/7XFdpF69XP",FALSE,79969,NA,2018-04-10 21:49:56,TRUE,NA,"983824424532144128",NA,"<a href=""http://twitter.com/download/iphone"" rel=""nofollow"">Twitter for iPhone</a>","realDonaldTrump",16574,FALSE,FALSE,NA,NA,0,2,0,0,2,0,0,2,0,3
"68","Very thankful for President Xi of China’s kind words on tariffs and automobile barriers...also, his enlightenment o… https://t.co/rV24pPsGjV",FALSE,106388,NA,2018-04-10 18:30:38,TRUE,NA,"983774270886236161",NA,"<a href=""http://twitter.com/download/iphone"" rel=""nofollow"">Twitter for iPhone</a>","realDonaldTrump",22524,FALSE,FALSE,NA,NA,1,0,0,0,3,0,0,3,1,4
"69","Last night, it was my great honor to host America’s senior defense and military leaders for dinner at the White Hou… https://t.co/sa6xgJOMsX",FALSE,87708,NA,2018-04-10 13:30:35,TRUE,NA,"983698762760704000",NA,"<a href=""http://twitter.com/download/iphone"" rel=""nofollow"">Twitter for iPhone</a>","realDonaldTrump",19513,FALSE,FALSE,NA,NA,1,2,0,2,1,0,0,2,0,4
"70","A TOTAL WITCH HUNT!!!",FALSE,122892,NA,2018-04-10 11:08:18,FALSE,NA,"983662953894436864",NA,"<a href=""http://twitter.com/download/iphone"" rel=""nofollow"">Twitter for iPhone</a>","realDonaldTrump",31064,FALSE,FALSE,NA,NA,1,0,1,1,0,0,0,0,1,0
"71","Attorney–client privilege is dead!",FALSE,105280,NA,2018-04-10 11:07:58,FALSE,NA,"983662868540346371",NA,"<a href=""http://twitter.com/download/iphone"" rel=""nofollow"">Twitter for iPhone</a>","realDonaldTrump",27112,FALSE,FALSE,NA,NA,1,0,0,1,0,0,0,1,0,1
"72","Great @Cabinet meeting at the @WhiteHouse this morning! https://t.co/kzmfovwUeb https://t.co/7AgbwbFNuw",FALSE,53177,NA,2018-04-09 19:32:27,FALSE,NA,"983427438691708929",NA,"<a href=""http://twitter.com/download/iphone"" rel=""nofollow"">Twitter for iPhone</a>","realDonaldTrump",10492,FALSE,FALSE,NA,NA,0,0,0,0,0,0,0,0,0,0
"73","The Democrats are not doing what’s right for our country. I will not rest until we have secured our borders and res… https://t.co/Sa3HNQ2G35",FALSE,104753,NA,2018-04-09 19:17:39,TRUE,NA,"983423715332558848",NA,"<a href=""https://studio.twitter.com"" rel=""nofollow"">Media Studio</a>","realDonaldTrump",27106,FALSE,FALSE,NA,NA,0,0,0,0,0,0,0,0,0,1
"74","When a car is sent to the United States from China, there is a Tariff to be paid of 2 1/2%. When a car is sent to C… https://t.co/lKzX2101uS",FALSE,176653,NA,2018-04-09 10:03:16,TRUE,NA,"983284198046826496",NA,"<a href=""http://twitter.com/download/iphone"" rel=""nofollow"">Twitter for iPhone</a>","realDonaldTrump",46856,FALSE,FALSE,NA,NA,1,0,1,0,0,0,0,1,1,1
"75","Congratulations to Patrick Reed on his great and courageous MASTERS win! When Patrick had his amazing win at Doral… https://t.co/ry4szk4uix",FALSE,92507,NA,2018-04-09 00:43:27,TRUE,NA,"983143317889323008",NA,"<a href=""http://twitter.com/download/iphone"" rel=""nofollow"">Twitter for iPhone</a>","realDonaldTrump",12862,FALSE,FALSE,NA,NA,0,0,0,1,0,0,0,0,0,1
"76","If President Obama had crossed his stated Red Line In The Sand, the Syrian disaster would have ended long ago! Anim… https://t.co/blQl4xUQ49",FALSE,91707,NA,2018-04-08 13:12:57,TRUE,NA,"982969547283161090",NA,"<a href=""http://twitter.com/download/iphone"" rel=""nofollow"">Twitter for iPhone</a>","realDonaldTrump",24949,FALSE,FALSE,NA,NA,1,1,1,1,0,1,1,1,1,1
"77","Our thoughts and prayers are with the four U.S. Marines from the 3rd Marine Aircraft Wing who lost their lives in y… https://t.co/lp2AMTXfwM",FALSE,87597,NA,2018-04-04 14:50:03,TRUE,NA,"981544432762802176",NA,"<a href=""http://twitter.com/download/iphone"" rel=""nofollow"">Twitter for iPhone</a>","realDonaldTrump",18143,FALSE,FALSE,NA,NA,0,0,0,0,0,1,0,1,1,0
"78","When you’re already $500 Billion DOWN, you can’t lose!",FALSE,88327,NA,2018-04-04 13:20:31,FALSE,NA,"981521901079146499",NA,"<a href=""http://twitter.com/download/iphone"" rel=""nofollow"">Twitter for iPhone</a>","realDonaldTrump",18557,FALSE,FALSE,NA,NA,1,0,1,1,0,1,1,0,1,0
"79","We are not in a trade war with China, that war was lost many years ago by the foolish, or incompetent, people who r… https://t.co/E5TbG7MiGS",FALSE,144367,NA,2018-04-04 11:22:03,TRUE,NA,"981492087328792577",NA,"<a href=""http://twitter.com/download/iphone"" rel=""nofollow"">Twitter for iPhone</a>","realDonaldTrump",37252,FALSE,FALSE,NA,NA,1,0,0,1,0,2,0,1,4,0
"80","Our Border Laws are very weak while those of Mexico &amp; Canada are very strong. Congress must change these Obama era,… https://t.co/fdAJq8zImx",FALSE,99716,NA,2018-04-04 11:19:28,TRUE,NA,"981491439233355776",NA,"<a href=""http://twitter.com/download/iphone"" rel=""nofollow"">Twitter for iPhone</a>","realDonaldTrump",24522,FALSE,FALSE,NA,NA,0,0,1,1,0,0,0,1,0,0
"81","Was just briefed on the shooting at YouTube’s HQ in San Bruno, California. Our thoughts and prayers are with everyb… https://t.co/9gGGgoGDUv",FALSE,109576,NA,2018-04-03 21:49:14,TRUE,NA,"981287536520847360",NA,"<a href=""http://twitter.com/download/iphone"" rel=""nofollow"">Twitter for iPhone</a>","realDonaldTrump",19968,FALSE,FALSE,NA,NA,1,0,0,1,0,0,0,0,1,0
"82","WE WILL PROTECT OUR SOUTHERN BORDER! https://t.co/Z7fqQKcnez",FALSE,84824,NA,2018-04-03 19:59:40,FALSE,NA,"981259962717388801",NA,"<a href=""https://studio.twitter.com"" rel=""nofollow"">Media Studio</a>","realDonaldTrump",21367,FALSE,FALSE,NA,NA,0,0,0,0,0,0,0,0,0,1
"83","Today, it was my honor to welcome Estonia President @KerstiKaljulaid, Lithuania President @Grybauskaite_LT, and Lat… https://t.co/2jWXvyGxRS",FALSE,45454,NA,2018-04-03 19:15:42,TRUE,NA,"981248899166932994",NA,"<a href=""https://studio.twitter.com"" rel=""nofollow"">Media Studio</a>","realDonaldTrump",9380,FALSE,FALSE,NA,NA,0,0,0,0,0,0,0,2,0,2
"84","I am right about Amazon costing the United States Post Office massive amounts of money for being their Delivery Boy… https://t.co/P7yIvCuIo1",FALSE,84359,NA,2018-04-03 13:55:37,TRUE,NA,"981168344924536832",NA,"<a href=""http://twitter.com/download/iphone"" rel=""nofollow"">Twitter for iPhone</a>","realDonaldTrump",20297,FALSE,FALSE,NA,NA,1,2,1,0,1,0,1,2,1,3
"85","Thank you to Rasmussen for the honest polling. Just hit 50%, which is higher than Cheatin’ Obama at the same time in his Administration.",FALSE,99930,NA,2018-04-03 11:08:51,FALSE,NA,"981126375716409344",NA,"<a href=""http://twitter.com/download/iphone"" rel=""nofollow"">Twitter for iPhone</a>","realDonaldTrump",22547,FALSE,FALSE,NA,NA,2,1,1,1,1,1,0,1,1,1
"86","Check out the fact that you can’t get a job at ratings challenged @CNN unless you state that you are totally anti-T… https://t.co/tynB4Oegi5",FALSE,70809,NA,2018-04-03 10:58:30,TRUE,NA,"981123772169191424",NA,"<a href=""http://twitter.com/download/iphone"" rel=""nofollow"">Twitter for iPhone</a>","realDonaldTrump",16830,FALSE,FALSE,NA,NA,0,0,0,0,0,0,0,1,0,1
"87","The big Caravan of People from Honduras, now coming across Mexico and heading to our “Weak Laws” Border, had better… https://t.co/BXznqOG9lB",FALSE,99244,NA,2018-04-03 10:49:07,TRUE,NA,"981121409807155200",NA,"<a href=""http://twitter.com/download/iphone"" rel=""nofollow"">Twitter for iPhone</a>","realDonaldTrump",25525,FALSE,FALSE,NA,NA,0,1,0,0,0,0,0,0,0,0
"88","The Fake News Networks, those that knowingly have a sick and biased AGENDA, are worried about the competition and q… https://t.co/guy6nBwkB3",FALSE,86797,NA,2018-04-03 10:34:18,TRUE,NA,"981117684489379840",NA,"<a href=""http://twitter.com/download/iphone"" rel=""nofollow"">Twitter for iPhone</a>","realDonaldTrump",21417,FALSE,FALSE,NA,NA,0,1,1,0,0,2,0,0,5,0
"89","#AutismAwarenessDay #LightItUpBlue https://t.co/JAzSE6yEes",FALSE,91431,NA,2018-04-03 02:03:18,FALSE,NA,"980989085631225857",NA,"<a href=""http://twitter.com/download/iphone"" rel=""nofollow"">Twitter for iPhone</a>","realDonaldTrump",18311,FALSE,FALSE,NA,NA,0,0,0,0,0,0,0,0,0,0
"90","“President Trump's approval rate among likely U.S. voters hit 50 percent on Monday, which puts him higher than form… https://t.co/DJDrt5dRzg",FALSE,74258,NA,2018-04-03 00:34:48,TRUE,NA,"980966813843509249",NA,"<a href=""http://twitter.com/download/iphone"" rel=""nofollow"">Twitter for iPhone</a>","realDonaldTrump",18964,FALSE,FALSE,NA,NA,1,0,0,0,0,0,0,1,1,2
"91","39% of my nominations, including Diplomats to foreign lands, have not been confirmed due to Democrat obstruction an… https://t.co/JVyztT90FA",FALSE,103206,NA,2018-04-03 00:24:01,TRUE,NA,"980964100502118400",NA,"<a href=""http://twitter.com/download/iphone"" rel=""nofollow"">Twitter for iPhone</a>","realDonaldTrump",30632,FALSE,FALSE,NA,NA,0,0,0,0,0,0,0,1,2,2
"92","Honduras, Mexico and many other countries that the U.S. is very generous to, sends many of their people to our coun… https://t.co/8Ry0KauKit",FALSE,79537,NA,2018-04-03 00:12:03,TRUE,NA,"980961086546632705",NA,"<a href=""http://twitter.com/download/iphone"" rel=""nofollow"">Twitter for iPhone</a>","realDonaldTrump",20576,FALSE,FALSE,NA,NA,0,0,0,0,1,0,0,1,0,1
"93","As ridiculous as it sounds, the laws of our country do not easily allow us to send those crossing our Southern Bord… https://t.co/qbrVMYL42g",FALSE,89882,NA,2018-04-03 00:00:58,TRUE,NA,"980958298445885446",NA,"<a href=""http://twitter.com/download/iphone"" rel=""nofollow"">Twitter for iPhone</a>","realDonaldTrump",24592,FALSE,FALSE,NA,NA,1,0,1,0,0,0,0,0,1,0
"94","“President Donald J. Trump Proclaims April 2, 2018, World Autism Awareness Day” https://t.co/ECBCHfll0p",FALSE,56486,NA,2018-04-02 16:38:29,FALSE,NA,"980846943130746881",NA,"<a href=""http://twitter.com/download/iphone"" rel=""nofollow"">Twitter for iPhone</a>","realDonaldTrump",13694,FALSE,FALSE,NA,NA,0,0,0,0,0,0,1,1,0,1
"95","An honor to host the Annual @WhiteHouse Easter Egg Roll! https://t.co/bOMJRK8FyK",FALSE,51268,NA,2018-04-02 15:41:04,FALSE,NA,"980832496005844993",NA,"<a href=""http://twitter.com/download/iphone"" rel=""nofollow"">Twitter for iPhone</a>","realDonaldTrump",9620,FALSE,FALSE,NA,NA,0,0,0,0,0,0,0,1,0,1
"96","So sad that the Department of “Justice” and the FBI are slow walking, or even not giving, the unredacted documents… https://t.co/zrp3XHOf6C",FALSE,80220,NA,2018-04-02 13:58:00,TRUE,NA,"980806557846863872",NA,"<a href=""http://twitter.com/download/iphone"" rel=""nofollow"">Twitter for iPhone</a>","realDonaldTrump",21146,FALSE,FALSE,NA,NA,0,0,0,0,0,0,0,1,0,2
"97","Only fools, or worse, are saying that our money losing Post Office makes money with Amazon. THEY LOSE A FORTUNE, an… https://t.co/LeaMuxR6Hb",FALSE,77507,NA,2018-04-02 13:35:03,TRUE,NA,"980800783313702918",NA,"<a href=""http://twitter.com/download/iphone"" rel=""nofollow"">Twitter for iPhone</a>","realDonaldTrump",18409,FALSE,FALSE,NA,NA,3,2,1,2,2,3,3,2,3,2
"98","So funny to watch Fake News Networks, among the most dishonest groups of people I have ever dealt with, criticize S… https://t.co/DPVwCxlewf",FALSE,82202,NA,2018-04-02 13:28:42,TRUE,NA,"980799183425802240",NA,"<a href=""http://twitter.com/download/iphone"" rel=""nofollow"">Twitter for iPhone</a>","realDonaldTrump",19078,FALSE,FALSE,NA,NA,2,1,2,2,0,2,0,0,3,0
"99","Mexico is making a fortune on NAFTA...They have very strong border laws - ours are pathetic. With all of the money… https://t.co/I8q69xZXwF",FALSE,77328,NA,2018-04-02 13:08:47,TRUE,NA,"980794173279342592",NA,"<a href=""http://twitter.com/download/iphone"" rel=""nofollow"">Twitter for iPhone</a>","realDonaldTrump",19545,FALSE,FALSE,NA,NA,1,2,1,0,2,1,2,2,1,2
"100","DACA is dead because the Democrats didn’t care or act, and now everyone wants to get onto the DACA bandwagon... No… https://t.co/8PfirxPo6U",FALSE,90929,NA,2018-04-02 11:17:19,TRUE,NA,"980766121983987712",NA,"<a href=""http://twitter.com/download/iphone"" rel=""nofollow"">Twitter for iPhone</a>","realDonaldTrump",23158,FALSE,FALSE,NA,NA,0,0,0,0,0,0,0,0,0,0
"101","...Congress must immediately pass Border Legislation, use Nuclear Option if necessary, to stop the massive inflow o… https://t.co/ExRfHnXZER",FALSE,90159,NA,2018-04-02 11:10:19,TRUE,NA,"980764358530789380",NA,"<a href=""http://twitter.com/download/iphone"" rel=""nofollow"">Twitter for iPhone</a>","realDonaldTrump",23703,FALSE,FALSE,NA,NA,0,1,1,0,0,0,0,1,1,2
"102","Mexico has the absolute power not to let these large “Caravans” of people enter their country. They must stop them… https://t.co/qMMjqfSmnY",FALSE,76455,NA,2018-04-02 11:02:30,TRUE,NA,"980762392303980544",NA,"<a href=""http://twitter.com/download/iphone"" rel=""nofollow"">Twitter for iPhone</a>","realDonaldTrump",19743,FALSE,FALSE,NA,NA,0,0,0,0,0,0,0,0,0,1
"103","These big flows of people are all trying to take advantage of DACA. They want in on the act!",FALSE,85063,NA,2018-04-01 14:28:19,FALSE,NA,"980451798606602241",NA,"<a href=""http://twitter.com/download/iphone"" rel=""nofollow"">Twitter for iPhone</a>","realDonaldTrump",19862,FALSE,FALSE,NA,NA,0,0,0,0,0,0,0,0,0,1
"104","Mexico is doing very little, if not NOTHING, at stopping people from flowing into Mexico through their Southern Bor… https://t.co/9ZjeOUnVtd",FALSE,127120,NA,2018-04-01 14:25:46,TRUE,NA,"980451155548491777",NA,"<a href=""http://twitter.com/download/iphone"" rel=""nofollow"">Twitter for iPhone</a>","realDonaldTrump",33382,FALSE,FALSE,NA,NA,0,0,0,0,0,0,0,0,0,0
"105","Border Patrol Agents are not allowed to properly do their job at the Border because of ridiculous liberal (Democrat… https://t.co/DdTVIyin70",FALSE,132780,NA,2018-04-01 13:56:34,TRUE,NA,"980443810529533952",NA,"<a href=""http://twitter.com/download/iphone"" rel=""nofollow"">Twitter for iPhone</a>","realDonaldTrump",37518,FALSE,FALSE,NA,NA,1,0,1,0,0,0,0,1,2,2
"106","HAPPY EASTER!",FALSE,209362,NA,2018-04-01 12:27:02,FALSE,NA,"980421275326865409",NA,"<a href=""http://twitter.com/download/iphone"" rel=""nofollow"">Twitter for iPhone</a>","realDonaldTrump",41441,FALSE,FALSE,NA,NA,0,1,0,0,1,0,0,1,0,1
"107","Governor Jerry “Moonbeam” Brown pardoned 5 criminal illegal aliens whose crimes include (1) Kidnapping and Robbery… https://t.co/mUBIqzKARD",FALSE,98315,NA,2018-03-31 12:53:01,TRUE,NA,"980065427375128576",NA,"<a href=""http://twitter.com/download/iphone"" rel=""nofollow"">Twitter for iPhone</a>","realDonaldTrump",32561,FALSE,FALSE,NA,NA,3,0,3,3,0,2,0,1,3,1
"108","...does not include the Fake Washington Post, which is used as a “lobbyist” and should so  REGISTER. If the P.O. “i… https://t.co/D6wEE6pxVk",FALSE,89885,NA,2018-03-31 12:52:59,TRUE,NA,"980065419632566272",NA,"<a href=""http://twitter.com/download/iphone"" rel=""nofollow"">Twitter for iPhone</a>","realDonaldTrump",22589,FALSE,FALSE,NA,NA,0,0,0,0,0,0,0,0,2,1
"109","While we are on the subject, it is reported that the U.S. Post Office will lose $1.50 on average for each package i… https://t.co/KJjzUtRvI3",FALSE,82361,NA,2018-03-31 12:45:41,TRUE,NA,"980063581592047617",NA,"<a href=""http://twitter.com/download/iphone"" rel=""nofollow"">Twitter for iPhone</a>","realDonaldTrump",21644,FALSE,FALSE,NA,NA,1,0,1,1,0,1,1,0,2,0
"110","https://t.co/UM3YJ6lUiD",FALSE,88195,NA,2018-03-30 20:24:56,FALSE,NA,"979816766904954880",NA,"<a href=""http://twitter.com/download/iphone"" rel=""nofollow"">Twitter for iPhone</a>","realDonaldTrump",25481,FALSE,FALSE,NA,NA,0,0,0,0,0,0,0,0,0,0
"111","Washington spent trillions building up foreign countries while allowing OUR OWN infrastructure to fall into a state… https://t.co/TkcOWOL5tf",FALSE,105412,NA,2018-03-29 20:06:37,TRUE,NA,"979449770640015361",NA,"<a href=""http://twitter.com/download/iphone"" rel=""nofollow"">Twitter for iPhone</a>","realDonaldTrump",26990,FALSE,FALSE,NA,NA,0,0,0,0,0,1,0,0,3,1
"112","JOBS, JOBS, JOBS! Unemployment claims have fallen to a 45-year low. Together, we are making the economy great again! https://t.co/pN2TE5HDQm",FALSE,74850,NA,2018-03-29 19:58:35,FALSE,NA,"979447750529110017",NA,"<a href=""http://twitter.com/download/iphone"" rel=""nofollow"">Twitter for iPhone</a>","realDonaldTrump",18358,FALSE,FALSE,NA,NA,0,0,0,0,0,0,0,1,0,0
"113","We are going to REBUILD our crumbling infrastructure, and there is no better place to begin this campaign than in t… https://t.co/5tbcDBRyqP",FALSE,74724,NA,2018-03-29 19:44:06,TRUE,NA,"979444104923840513",NA,"<a href=""http://twitter.com/download/iphone"" rel=""nofollow"">Twitter for iPhone</a>","realDonaldTrump",16659,FALSE,FALSE,NA,NA,0,0,0,0,0,1,0,0,1,0
"114","I have stated my concerns with Amazon long before the Election. Unlike others, they pay little or no taxes to state… https://t.co/ONyVYY2yMe",FALSE,130441,NA,2018-03-29 11:57:38,TRUE,NA,"979326715272065024",NA,"<a href=""http://twitter.com/download/iphone"" rel=""nofollow"">Twitter for iPhone</a>","realDonaldTrump",33355,FALSE,FALSE,NA,NA,0,2,0,0,1,0,0,1,0,1
"115","....In the interim, Hon. Robert Wilkie of DOD will serve as Acting Secretary. I am thankful for Dr. David Shulkin’s… https://t.co/YTgVqILsvk",FALSE,48557,"realDonaldTrump",2018-03-28 21:31:54,TRUE,"979108653377703936","979108846408003584","25073877","<a href=""http://twitter.com/download/iphone"" rel=""nofollow"">Twitter for iPhone</a>","realDonaldTrump",9900,FALSE,FALSE,NA,NA,0,1,0,0,1,0,0,1,1,1
"116","I am pleased to announce that I intend to nominate highly respected Admiral Ronny L. Jackson, MD, as the new Secret… https://t.co/YiQiyG8Xi2",FALSE,78752,NA,2018-03-28 21:31:08,TRUE,NA,"979108653377703936",NA,"<a href=""http://twitter.com/download/iphone"" rel=""nofollow"">Twitter for iPhone</a>","realDonaldTrump",17113,FALSE,FALSE,NA,NA,0,0,0,0,1,0,0,3,0,2
"117","Great briefing this afternoon on the start of our Southern Border WALL! https://t.co/pmCNoxxlkH",FALSE,119193,NA,2018-03-28 19:47:02,FALSE,NA,"979082457340407808",NA,"<a href=""http://twitter.com/download/iphone"" rel=""nofollow"">Twitter for iPhone</a>","realDonaldTrump",32082,FALSE,FALSE,NA,NA,0,1,0,0,0,0,0,0,0,0
"118","....release known dangerous criminals into communities across the State. All citizens have the right to be protecte… https://t.co/K12LPpU2cX",FALSE,67359,"realDonaldTrump",2018-03-28 16:19:02,TRUE,"979030033149972480","979030109104562176","25073877","<a href=""http://twitter.com/download/iphone"" rel=""nofollow"">Twitter for iPhone</a>","realDonaldTrump",15080,FALSE,FALSE,NA,NA,0,0,0,1,0,0,0,0,1,0
"119","My Administration stands in solidarity with the brave citizens in Orange County defending their rights against Cali… https://t.co/SSxUNFRYf3",FALSE,111392,NA,2018-03-28 16:18:44,TRUE,NA,"979030033149972480",NA,"<a href=""http://twitter.com/download/iphone"" rel=""nofollow"">Twitter for iPhone</a>","realDonaldTrump",26666,FALSE,FALSE,NA,NA,0,0,0,0,0,0,0,2,0,1
"120",".@USTradeRep just announced an agreement in principle with South Korea on KORUS! A great deal for American and Kore… https://t.co/JoVzyixLJJ",FALSE,55283,NA,2018-03-28 16:14:34,TRUE,NA,"979028987858112512",NA,"<a href=""http://twitter.com/download/iphone"" rel=""nofollow"">Twitter for iPhone</a>","realDonaldTrump",12234,FALSE,FALSE,NA,NA,0,0,0,0,0,0,0,0,0,0
"121","Received message last night from XI JINPING of China that his meeting with KIM JONG UN went very well and that KIM… https://t.co/HA84eyjSV3",FALSE,103458,NA,2018-03-28 10:16:26,TRUE,NA,"978938860582440960",NA,"<a href=""http://twitter.com/download/iphone"" rel=""nofollow"">Twitter for iPhone</a>","realDonaldTrump",24215,FALSE,FALSE,NA,NA,0,0,0,0,0,0,0,0,0,1
"122","For years and through many administrations, everyone said that peace and the denuclearization of the Korean Peninsu… https://t.co/1CEbFJYjfG",FALSE,113785,NA,2018-03-28 10:05:18,TRUE,NA,"978936058795757568",NA,"<a href=""http://twitter.com/download/iphone"" rel=""nofollow"">Twitter for iPhone</a>","realDonaldTrump",26480,FALSE,FALSE,NA,NA,0,1,0,0,1,0,0,1,0,1
"123","THE SECOND AMENDMENT WILL NEVER BE REPEALED! As much as Democrats would like to see this happen, and despite the wo… https://t.co/JhWsWonTUw",FALSE,194007,NA,2018-03-28 09:52:36,TRUE,NA,"978932860307505153",NA,"<a href=""http://twitter.com/download/iphone"" rel=""nofollow"">Twitter for iPhone</a>","realDonaldTrump",59182,FALSE,FALSE,NA,NA,0,1,0,0,0,0,0,0,0,0
"124","I am very pleased to welcome the opioid memorial to the President's Park in April. I encourage all to visit and rem… https://t.co/Q8lkH5IdnS",FALSE,68149,NA,2018-03-27 18:35:06,TRUE,NA,"978701966456082433",NA,"<a href=""http://twitter.com/#!/download/ipad"" rel=""nofollow"">Twitter for iPad</a>","realDonaldTrump",15517,FALSE,FALSE,NA,NA,0,0,0,0,2,0,0,1,0,3
"125","Trade talks going on with numerous countries that, for many years, have not treated the United States fairly. In the end, all will be happy!",FALSE,104605,NA,2018-03-27 00:44:52,FALSE,NA,"978432632273948674",NA,"<a href=""http://twitter.com/download/iphone"" rel=""nofollow"">Twitter for iPhone</a>","realDonaldTrump",21028,FALSE,FALSE,NA,NA,0,1,0,0,1,0,0,4,0,3
"126","Great news! #MAGA https://t.co/mRQGRJkozC",FALSE,69280,NA,2018-03-26 20:29:19,FALSE,NA,"978368319542702080",NA,"<a href=""http://twitter.com/download/iphone"" rel=""nofollow"">Twitter for iPhone</a>","realDonaldTrump",15775,FALSE,FALSE,NA,NA,0,0,0,0,0,0,0,0,0,0
"127","So much Fake News. Never been more voluminous or more inaccurate. But through it all, our country is doing great!",FALSE,133710,NA,2018-03-26 12:38:55,FALSE,NA,"978249938743234560",NA,"<a href=""http://twitter.com/download/iphone"" rel=""nofollow"">Twitter for iPhone</a>","realDonaldTrump",27393,FALSE,FALSE,NA,NA,0,0,0,0,0,0,0,0,2,0
"128","The economy is looking really good. It has been many years that we have seen these kind of numbers. The underlying… https://t.co/8sWXaR8gR8",FALSE,98393,NA,2018-03-26 11:05:40,TRUE,NA,"978226474485534720",NA,"<a href=""http://twitter.com/download/iphone"" rel=""nofollow"">Twitter for iPhone</a>","realDonaldTrump",19692,FALSE,FALSE,NA,NA,0,1,0,0,2,0,1,3,0,3
"129",".@HowieCarrShow just wrote a book which everyone is talking about. He was a great help. He is a veteran journalist… https://t.co/yZX6N0gS4M",FALSE,75407,NA,2018-03-26 03:26:43,TRUE,NA,"978110975428657153",NA,"<a href=""http://twitter.com/download/iphone"" rel=""nofollow"">Twitter for iPhone</a>","realDonaldTrump",20612,FALSE,FALSE,NA,NA,0,0,0,0,0,0,0,0,0,0
"130","“President Donald J. Trump Proclaims March 25, 2018, as Greek Independence Day: A National Day of Celebration of Gr… https://t.co/5xHxd4dTEc",FALSE,51794,NA,2018-03-25 13:45:44,TRUE,NA,"977904367524372481",NA,"<a href=""http://twitter.com/download/iphone"" rel=""nofollow"">Twitter for iPhone</a>","realDonaldTrump",11393,FALSE,FALSE,NA,NA,0,2,0,0,2,0,3,3,0,4
"131","Happy National #MedalOfHonorDay to our HEROES. We love you! https://t.co/6euI31R4Gz",FALSE,65054,NA,2018-03-25 13:08:27,FALSE,NA,"977894983083708416",NA,"<a href=""http://twitter.com/download/iphone"" rel=""nofollow"">Twitter for iPhone</a>","realDonaldTrump",15015,FALSE,FALSE,NA,NA,0,1,0,0,1,0,0,1,0,1
"132","....lawyer or law firm will take months to get up to speed (if for no other reason than they can bill more), which… https://t.co/VNRpirZlPZ",FALSE,82473,NA,2018-03-25 11:49:16,TRUE,NA,"977875057572745216",NA,"<a href=""http://twitter.com/download/iphone"" rel=""nofollow"">Twitter for iPhone</a>","realDonaldTrump",17915,FALSE,FALSE,NA,NA,1,0,1,1,0,0,0,1,1,1
"133","Many lawyers and top law firms want to represent me in the Russia case...don’t believe the Fake News narrative that… https://t.co/KKFpwlHShL",FALSE,66726,NA,2018-03-25 11:40:41,TRUE,NA,"977872899792089088",NA,"<a href=""http://twitter.com/download/iphone"" rel=""nofollow"">Twitter for iPhone</a>","realDonaldTrump",14295,FALSE,FALSE,NA,NA,0,1,0,1,0,1,0,3,2,2
"134","Much can be done with the $1.6 Billion given to building and fixing the border wall. It is just a down payment. Wor… https://t.co/XKkvhIVsRN",FALSE,80167,NA,2018-03-25 10:42:20,TRUE,NA,"977858212635594752",NA,"<a href=""http://twitter.com/download/iphone"" rel=""nofollow"">Twitter for iPhone</a>","realDonaldTrump",19674,FALSE,FALSE,NA,NA,0,0,0,0,0,0,0,0,1,1
"135","Because of the $700 &amp; $716 Billion Dollars gotten to rebuild our Military, many jobs are created and our Military i… https://t.co/sF9ouOGHwl",FALSE,117593,NA,2018-03-25 10:33:25,TRUE,NA,"977855968364171264",NA,"<a href=""http://twitter.com/download/iphone"" rel=""nofollow"">Twitter for iPhone</a>","realDonaldTrump",31129,FALSE,FALSE,NA,NA,0,0,0,1,0,0,0,0,0,0
"136","France honors a great hero. Officer died after bravely swapping places with hostage in ISIS related terror attack.… https://t.co/e1AvHzZxiL",FALSE,83111,NA,2018-03-25 10:10:14,TRUE,NA,"977850135697911808",NA,"<a href=""http://twitter.com/download/iphone"" rel=""nofollow"">Twitter for iPhone</a>","realDonaldTrump",19615,FALSE,FALSE,NA,NA,2,1,0,3,1,0,1,3,3,2
"137","Our thoughts and prayers are with the victims of the horrible attack in France yesterday, and we grieve the nation’… https://t.co/OrSJZR27tY",FALSE,83052,NA,2018-03-24 16:40:11,TRUE,NA,"977585879651966980",NA,"<a href=""http://twitter.com/download/iphone"" rel=""nofollow"">Twitter for iPhone</a>","realDonaldTrump",15747,FALSE,FALSE,NA,NA,2,0,1,3,0,1,0,1,3,0
"138","As a matter of National Security I've signed the Omnibus Spending Bill. I say to Congress: I will NEVER sign anothe… https://t.co/0uoQ7HfCVF",FALSE,71417,NA,2018-03-23 23:01:10,TRUE,NA,"977319371277156352",NA,"<a href=""http://twitter.com/download/iphone"" rel=""nofollow"">Twitter for iPhone</a>","realDonaldTrump",19328,FALSE,FALSE,NA,NA,0,0,1,0,0,0,0,1,0,0
"139","Obama Administration legalized bump stocks. BAD IDEA. As I promised, today the Department of Justice will issue the… https://t.co/gm8BSGsnKT",FALSE,81898,NA,2018-03-23 20:50:30,TRUE,NA,"977286489410240514",NA,"<a href=""http://twitter.com/download/iphone"" rel=""nofollow"">Twitter for iPhone</a>","realDonaldTrump",17107,FALSE,FALSE,NA,NA,2,0,1,2,1,1,0,2,2,2
"140","News conference at the White House concerning the Omnibus Spending Bill.  1:00 P.M.",FALSE,47636,NA,2018-03-23 16:32:58,FALSE,NA,"977221676697079808",NA,"<a href=""http://twitter.com/download/iphone"" rel=""nofollow"">Twitter for iPhone</a>","realDonaldTrump",9678,FALSE,FALSE,NA,NA,0,1,0,0,1,0,0,1,0,1
"141","I am considering a VETO of the Omnibus Spending Bill based on the fact that the 800,000 plus DACA recipients have b… https://t.co/qhwYMqKLGO",FALSE,155499,NA,2018-03-23 12:55:15,TRUE,NA,"977166887493799936",NA,"<a href=""http://twitter.com/download/iphone"" rel=""nofollow"">Twitter for iPhone</a>","realDonaldTrump",37263,FALSE,FALSE,NA,NA,1,0,0,0,0,0,0,1,1,0
"142","DACA was abandoned by the Democrats. Very unfair to them! Would have been tied to desperately needed Wall.",FALSE,73034,NA,2018-03-23 12:26:37,FALSE,NA,"977159683151712258",NA,"<a href=""http://twitter.com/download/iphone"" rel=""nofollow"">Twitter for iPhone</a>","realDonaldTrump",16376,FALSE,FALSE,NA,NA,2,0,1,1,0,2,0,0,2,0
"143","House Intelligence Committee votes to release final report. FINDINGS: (1) No evidence provided of Collusion between… https://t.co/TDzrvtLstr",FALSE,77509,NA,2018-03-23 10:07:18,TRUE,NA,"977124622285066240",NA,"<a href=""http://twitter.com/download/iphone"" rel=""nofollow"">Twitter for iPhone</a>","realDonaldTrump",21067,FALSE,FALSE,NA,NA,1,0,1,2,1,1,0,2,1,1
"144","I am pleased to announce that, effective 4/9/18, @AmbJohnBolton will be my new National Security Advisor. I am very… https://t.co/dlRJSb9xW1",FALSE,96064,NA,2018-03-22 22:26:41,TRUE,NA,"976948306927607810",NA,"<a href=""http://twitter.com/download/iphone"" rel=""nofollow"">Twitter for iPhone</a>","realDonaldTrump",24212,FALSE,FALSE,NA,NA,0,0,0,0,1,0,0,1,0,2
"145","My honor Charlie - thank you! #MAGA https://t.co/ZbXFxNVMLP",FALSE,50029,NA,2018-03-22 20:11:30,FALSE,NA,"976914287217258497",NA,"<a href=""http://twitter.com/download/iphone"" rel=""nofollow"">Twitter for iPhone</a>","realDonaldTrump",10878,FALSE,FALSE,NA,NA,0,0,0,0,0,0,0,1,0,1
"146","As a candidate, I pledged that if elected I would use every lawful tool to combat unfair trade, protect American wo… https://t.co/nzeHdbTa5u",FALSE,67742,NA,2018-03-22 18:40:54,TRUE,NA,"976891486510907393",NA,"<a href=""https://studio.twitter.com"" rel=""nofollow"">Media Studio</a>","realDonaldTrump",15722,FALSE,FALSE,NA,NA,2,0,1,1,0,1,0,2,2,3
"147","Remember when they were saying, during the campaign, that Donald Trump is giving great speeches and drawing big cro… https://t.co/tmNjLRpLXI",FALSE,94729,NA,2018-03-22 10:40:37,TRUE,NA,"976770619424563200",NA,"<a href=""http://twitter.com/download/iphone"" rel=""nofollow"">Twitter for iPhone</a>","realDonaldTrump",20309,FALSE,FALSE,NA,NA,0,0,0,0,0,0,1,0,0,1
"148","Crazy Joe Biden is trying to act like a tough guy. Actually, he is weak, both mentally and physically, and yet he t… https://t.co/4e33ZxnAw7",FALSE,257804,NA,2018-03-22 10:19:57,TRUE,NA,"976765417908776963",NA,"<a href=""http://twitter.com/download/iphone"" rel=""nofollow"">Twitter for iPhone</a>","realDonaldTrump",75466,FALSE,FALSE,NA,NA,1,0,0,1,0,2,0,0,2,0
"149","Democrats refused to take care of DACA. Would have been so easy, but they just didn’t care. I had to fight for Military and start of Wall.",FALSE,82795,NA,2018-03-22 03:04:47,FALSE,NA,"976655903729610752",NA,"<a href=""http://twitter.com/download/iphone"" rel=""nofollow"">Twitter for iPhone</a>","realDonaldTrump",18316,FALSE,FALSE,NA,NA,1,1,0,2,0,1,0,0,2,0
